sp,Latin,dispersal1,dispersal2,native,ecology,notes
AAAAAA,Unidentified indet.,NA,NA,NA,NA,
ACACAU,Acacia auriculiformis,biotic,animal_small,no,shade-intolerant,
ACHRPO,Maclurodendron porteri,biotic,animal_small,yes,sub-canopy,
ACMEAC,Acmena acuminatissima,biotic,animal_small,yes,shade-tolerant,
ACTEEX,Actephila excelsa,abiotic,ballistic,yes,understorey,
ACTIGL,Actinodaphne glomerata,biotic,animal_small,yes,understorey,
ACTIML,Actinodaphne malaccensis,biotic,animal_small,yes,sub-canopy,
ADENMA,Adenanthera malayana,biotic,animal_small,yes,shade-tolerant,
ADENPA,Adenanthera pavonina,biotic,animal_small,yes,shade-tolerant,
ADINDU,Adinandra dumosa,biotic,animal_small,yes,shade-intolerant,
ADININ,Adinandra integerrima,biotic,animal_small,yes,sub-canopy,
AGLA%%,Aglaia indet.,NA,NA,NA,NA,
AGLACH,Aglaia glabriflora,biotic,animal_small,yes,sub-canopy,
AGLACN,Aglaia crassinervia,biotic,animal_large,yes,shade-tolerant,
AGLAES,Aglaia exstipulata,biotic,animal_large,yes,sub-canopy,
AGLAMC,Aglaia macrocarpa,biotic,animal_large,yes,shade-tolerant,
AGLAML,Aglaia malaccensis,biotic,animal_small,yes,sub-canopy,
AGLAOD,Aglaia odoratissima,biotic,animal_small,yes,understorey,
AGLARN,Aglaia rufinervis,biotic,animal_small,yes,sub-canopy,
AGLASX,Aglaia sexipetala,biotic,animal_small,yes,sub-canopy,
AGLATH,Aglaia elliptica,biotic,animal_large,yes,sub-canopy,
AGLATR,Aglaia tomentosa cordata,biotic,animal_small,yes,understorey,
AGROLO,Agrostistachys longifolia,abiotic,ballistic/gravity,yes,understorey,
AIDIWA,Aidia wallichiana,biotic,animal_small,yes,understorey,
ALANEB,Alangium javanicum cf. var. javanicum,biotic,animal_large,yes,shade-tolerant,
ALANER,Alangium javanicum var. ebenaceum,biotic,animal_large,yes,shade-tolerant,
ALANGR,Alangium griffithii,biotic,animal_small,yes,understorey,
ALANLO,Alangium longiflorum,biotic,animal_small,yes,shade-tolerant,
ALANNO,Alangium nobile,biotic,animal_small,yes,sub-canopy,
ALBIFA,Paraserianthes falcataria,abiotic,ballistic,no,shade-intolerant,
ALPHJO,Alphonsea johorensis,biotic,animal_small,yes,sub-canopy,
ALSEOB,Alseodaphne oblanceolata,biotic,animal_large,yes,sub-canopy,
ALSTAF,Alstonia angustifolia,abiotic,wind,yes,shade-intolerant,
ALSTAL,Alstonia angustiloba,abiotic,wind,yes,shade-intolerant,
ALSTPN,Alstonia cf. pneumatophora,abiotic,wind,yes,shade-tolerant,
ANISCO,Anisoptera costata,abiotic,gyration,yes,shade-tolerant,
ANISDI,Anisophyllea disticha,biotic,animal_small,yes,understorey,
ANISGR,Anisophyllea griffithii,biotic,animal_small,yes,sub-canopy,
ANISLA,Anisoptera laevis,abiotic,gyration,yes,shade-tolerant,
ANISME,Anisoptera megistocarpa,abiotic,gyration,yes,shade-tolerant,
ANTICO,Antidesma coriaceum,biotic,animal_small,yes,understorey,
ANTINE,Antidesma neurocarpum,biotic,animal_small,yes,understorey,
ANTITO,Antiaris toxicaria,biotic,animal_small,yes,shade-tolerant,
APHAPO,Aphanamixis polystachya,biotic,animal_large,yes,sub-canopy,
APOR%%,Aporusa indet.,NA,NA,NA,NA,
APORBE,Aporosa benthamiana,biotic,animal_small,yes,sub-canopy,
APORFA,Aporosa falcifera,biotic,animal_small,yes,shade-tolerant,
APORFR,Aporosa frutescens,biotic,animal_small,yes,sub-canopy,
APORLN,Aporusa lunatum,biotic,animal_small,yes,sub-canopy,
APORMI,Aporusa microstachya,biotic,animal_small,yes,understorey,
APORMQ,Aporusa miqueliana,biotic,animal_small,yes,sub-canopy,
APORNE,Aporosa nervosa,biotic,animal_small,yes,sub-canopy,
APORNI,Aporusa nigricans,biotic,animal_small,yes,sub-canopy,
APORSY,Aporusa symplocoides,biotic,animal_small,yes,sub-canopy,
AQUIMA,Aquilaria malaccensis,biotic,animal_small,yes,shade-tolerant,
ARCHBU,Archidendron bubalinum,biotic,animal_small,yes,shade-tolerant,
ARCHCL,Archidendron clypearia,biotic,animal_small,yes,shade-intolerant,
ARCHCO,Archidendron contortum,biotic,animal_small,yes,understorey,
ARCHJI,Archidendron jiringa,biotic,animal_small,yes,sub-canopy,
ARDICO,Ardisia colorata,biotic,animal_small,yes,understorey,
ARDITY,Ardisia teysmanniana,biotic,animal_small,yes,understorey,
ARENWE,Arenga westerhoutii,biotic,animal_large,yes,understorey,
ARTHDI,Arthrophyllum diversifolium,biotic,animal_small,yes,sub-canopy,
ARTO%%,Artocarpus indet.,NA,NA,NA,NA,
ARTOAN,Artocarpus anisophyllus,biotic,animal_small,yes,shade-tolerant,
ARTOBO,Artocarpus cf. integer var. silvestris,biotic,animal_large,yes,sub-canopy,
ARTODA,Artocarpus dadah,biotic,animal_small,yes,sub-canopy,
ARTOEL,Artocarpus elasticus,biotic,animal_small,yes,shade-tolerant,
ARTOFU,Artocarpus fulvicortex,biotic,animal_small,yes,shade-tolerant,
ARTOHE,Artocarpus heterophyllus,biotic,animal_large,yes,sub-canopy,
ARTOHI,Artocarpus hispidus,biotic,animal_small,yes,sub-canopy,
ARTOIN,Artocarpus integer,biotic,animal_large,yes,sub-canopy,
ARTOKE,Artocarpus kemando,biotic,animal_small,yes,shade-tolerant,
ARTOLA,Artocarpus lanceifolius,biotic,animal_small,yes,shade-tolerant,
ARTOLO,Artocarpus lowii,biotic,animal_small,yes,sub-canopy,
ARTONI,Artocarpus nitidus,biotic,animal_small,yes,shade-tolerant,
ARTORI,Artocarpus rigidus,biotic,animal_small,yes,shade-tolerant,
ARTOSC,Artocarpus scortechinii,biotic,animal_small,yes,shade-tolerant,
ATUNRA,Atuna racemosa subsp. excelsa,biotic,animal_large,yes,shade-tolerant,
AVERBI,Averrhoa belimbi,biotic,animal_small,yes,shade-intolerant,
BACCGR,Baccaurea macrocarpa,biotic,animal_small,yes,understorey,
BACCKU,Baccaurea kunstleri,biotic,animal_small,yes,sub-canopy,
BACCMO,Baccaurea motleyana,biotic,animal_small,yes,sub-canopy,
BACCPA,Baccaurea parviflora,biotic,animal_small,yes,understorey,
BACCRA,Baccaurea racemosa,biotic,animal_small,yes,understorey,
BACCSU,Baccaurea sumatrana,biotic,animal_small,yes,sub-canopy,
BEILHA,Beilschmiedia madang hairy,biotic,animal_large,yes,sub-canopy,
BEILKU,Beilschmiedia kunstleri,biotic,animal_small,yes,sub-canopy,
BEILMA,Beilschmiedia madang,biotic,animal_large,yes,sub-canopy,
BHESPA,Bhesa paniculata,biotic,animal_small,yes,shade-tolerant,
BHESRO,Bhesa robusta,biotic,animal_large,yes,shade-tolerant,
BLUMTO,Blumeodendron tokbrai,biotic,animal_large,yes,shade-tolerant,
BOUEOP,Bouea oppositifolia,biotic,animal_small,yes,shade-tolerant,
BRACHO,Brackenridgea hookeri,biotic,animal_small,yes,shade-tolerant,
BRIDTO,Bridelia tomentosa,biotic,animal_small,yes,understorey,
BUCHSE,Buchanania sessilifolia,biotic,animal_small,yes,sub-canopy,
CALO%%,Calophyllum indet.,NA,NA,NA,NA,
CALOBM,Calophyllum ferrugineum,biotic,animal_large,yes,shade-tolerant,
CALOIN,Calophyllum incrassatum,biotic,animal_small,yes,shade-tolerant,
CALOMC,Calophyllum macrocarpum,biotic,animal_large,yes,sub-canopy,
CALOME,Calophyllum cf. lanigerum var. austrocoriaceum,biotic,animal_small,yes,sub-canopy,
CALOPC,Calophyllum pulcherrimum,biotic,animal_small,yes,sub-canopy,
CALORB,Calophyllum rubiginosum,biotic,animal_small,yes,shade-tolerant,
CALOTE,Calophyllum tetrapterum,biotic,animal_small,yes,understorey,
CALOTY,Calophyllum teijsmannii,biotic,animal_small,yes,sub-canopy,
CALOWA,Calophyllum wallichianum,biotic,animal_small,yes,shade-tolerant,
CAMPAU,Campnosperma auriculatum,biotic,animal_small,yes,shade-intolerant,
CAMPSQ,Campnosperma squamatum,biotic,animal_small,yes,shade-intolerant,
CANAGR,Canarium grandifolium,biotic,animal_small,yes,shade-tolerant,
CANALT,Canarium littorale,biotic,animal_small,yes,shade-tolerant,
CANAPA,Canarium patentinervium,biotic,animal_large,yes,understorey,
CANAPI,Canarium pilosum,biotic,animal_small,yes,sub-canopy,
CANTCF,Canthium confertum,biotic,animal_small,yes,understorey,
CANTGL,Canthium glabrum,biotic,animal_small,yes,understorey,
CARABR,Carallia brachiata,biotic,animal_small,yes,shade-tolerant,
CARYSP,Caryota mitis,biotic,animal_small,yes,understorey,
CASECL,Casearia clarkei,biotic,animal_small,yes,understorey,
CASSSI,Senna siamea,abiotic,water/ballistic,yes,shade-intolerant,
CASTLU,Castanopsis lucida,biotic,animal_small,yes,sub-canopy,
CASTMA,Castanopsis malaccensis,biotic,animal_small,yes,sub-canopy,
CASTME,Castanopsis megacarpa,biotic,animal_large,yes,sub-canopy,
CASTWA,Castanopsis wallichii,biotic,animal_small,yes,sub-canopy,
CECRPE,Cecropia peltata,biotic,animal_small,no,shade-intolerant,
CHEIMO,Cheilosa montana var. malayana,biotic,animal_large,yes,shade-tolerant,
CHISER,Chisocheton erythrocarpus,biotic,animal_small,yes,sub-canopy,
CHISP2,Chisocheton patens,biotic,animal_small,yes,shade-tolerant,
CHISSA,Chisocheton sarawakanus,biotic,animal_small,yes,understorey,
CHRYLA,Chrysophyllum lanceolatum,biotic,animal_small,yes,sub-canopy,
CINNIN,Cinnamomum iners,biotic,animal_small,yes,shade-tolerant,
CINNSI,Cinnamomum sintoc,biotic,animal_small,yes,shade-tolerant,
CLAOIN,Claoxylon indicum,biotic,animal_small,yes,shade-intolerant,
CLERLA,Clerodendrum laevifolium,biotic,animal_small,yes,understorey,
COELGR,Coelostegia griffithii,biotic,animal_large,yes,shade-tolerant,
CRATAS,Cratoxylum arborescens,abiotic,wind,yes,shade-tolerant,
CRATCO,Cratoxylum cochinchinense,abiotic,wind,yes,shade-tolerant,
CRATFO,Cratoxylum formosum,abiotic,wind,yes,shade-tolerant,
CROTLA,Croton laevifolius,biotic,animal_small,yes,understorey,
CRY1GR,Crypteronia griffithii,abiotic,wind,yes,shade-tolerant,
CRY2CS,Cryptocarya caesia,biotic,animal_small,yes,sub-canopy,
CRY2FE,Cryptocarya ferrea,biotic,animal_small,yes,sub-canopy,
CRY2IM,Cryptocarya impressa,biotic,animal_small,yes,sub-canopy,
CRY2NI,Cryptocarya nitens,biotic,animal_small,yes,shade-tolerant,
CRY2RU,Cryptocarya rugulosa,biotic,animal_small,yes,sub-canopy,
CTENPA,Ctenolophon parvifolius,biotic,animal_small,yes,sub-canopy,
CYAT%%,Cyathocalyx indet.,NA,NA,NA,NA,
CYATRA,Cyathocalyx ramuliflorus,biotic,animal_small,yes,sub-canopy,
DACRCO,Dacryodes costata,biotic,animal_small,yes,shade-tolerant,
DACRIN,Dacryodes incurvata,biotic,animal_small,yes,shade-tolerant,
DACRLA,Dacryodes laxa,biotic,animal_small,yes,shade-tolerant,
DACRLO,Dacryodes longifolia,biotic,animal_small,yes,shade-tolerant,
DACRNE,Dacryodes nervosa,biotic,animal_small,yes,shade-tolerant,
DACRRO,Dacryodes rostrata,biotic,animal_small,yes,shade-tolerant,
DACRRU,Dacryodes rugosa,biotic,animal_small,yes,understorey,
DEHACU,Dehaasia cuneata,biotic,animal_small,yes,sub-canopy,
DEHAIN,Dehaasia incrassata,biotic,animal_small,yes,sub-canopy,
DIAL%%,Dialium indet.,NA,NA,NA,NA,
DIALIN,Dialium indum,biotic,animal_small,yes,shade-tolerant,
DIALPL,Dialium platysepalum,biotic,animal_small,yes,shade-tolerant,
DILLEX,Dillenia excelsa,biotic,animal_small,yes,shade-tolerant,
DILLGR,Dillenia grandifolia,biotic,animal_small,yes,shade-tolerant,
DILLSU,Dillenia suffructicosa,biotic,animal_small,yes,shade-intolerant,
DIMOLO,Dimocarpus longan,biotic,animal_small,yes,sub-canopy,
DIOS%%,Diospyros indet.,NA,NA,NA,NA,
DIOSAD,Diospyros coriacea,biotic,animal_small,yes,sub-canopy,
DIOSAR,Diospyros argentea,biotic,animal_large,yes,sub-canopy,
DIOSBU,Diospyros buxifolia,biotic,animal_small,yes,understorey,
DIOSCL,Diospyros clavigera,biotic,animal_small,yes,shade-tolerant,
DIOSCS,Diospyros confusa,biotic,animal_small,yes,shade-tolerant,
DIOSDC,Diospyros discolor,biotic,animal_small,yes,understorey,
DIOSDI,Diospyros diepenhorstii,biotic,animal_large,yes,shade-tolerant,
DIOSFT,Diospyros cf. cauliflora,biotic,animal_large,yes,understorey,
DIOSLA,Diospyros lanceifolia,biotic,animal_small,yes,understorey,
DIOSMA,Diospyros maingayi,biotic,animal_large,yes,sub-canopy,
DIOSPI,Diospyros pilosanthera,biotic,animal_small,yes,shade-tolerant,
DIOSST,Diospyros styraciformis,biotic,animal_small,yes,understorey,
DIOSVE,Diospyros venosa,biotic,animal_small,yes,shade-tolerant,
DIPLMA,Diplospora malaccensis,biotic,animal_small,yes,sub-canopy,
DIPTCA,Dipterocarpus caudatus subsp. penangianus,abiotic,gyration,yes,shade-tolerant,
DIPTCN,Dipterocarpus cornutus,abiotic,gyration,yes,shade-tolerant,
DIPTKR,Dipterocarpus cf. kunstleri,abiotic,gyration,yes,shade-tolerant,
DIPTSU,Dipterocarpus sublamellatus,abiotic,gyration,yes,shade-tolerant,
DIPTTE,Dipterocarpus tempehes,abiotic,gravity,yes,shade-tolerant,
DRACDA,Dracontomelon dao,biotic,animal_small,yes,shade-tolerant,
DRACMA,Dracaena maingayi,biotic,animal_small,yes,understorey,
DRYPCP,Drypetes crassipes,biotic,animal_large,yes,shade-tolerant,
DRYPLA,Drypetes laevis,biotic,animal_small,yes,sub-canopy,
DRYPLO,Drypetes longifolia,biotic,animal_small,yes,sub-canopy,
DRYPPE,Drypetes pendula,biotic,animal_large,yes,sub-canopy,
DRYPSR,Drypetes sp. nov. non longifolia,biotic,animal_large,yes,shade-tolerant,
DURIGR,Durio griffithii,biotic,animal_large,yes,shade-tolerant,
DURISI,Durio singaporensis,biotic,animal_large,yes,shade-tolerant,
DURIZI,Durio zibethinus,biotic,animal_large,yes,shade-tolerant,
DYERCO,Dyera costulata,abiotic,wind,yes,shade-intolerant,
DYSOAC,Dysoxylum acutanculum,biotic,animal_large,yes,shade-tolerant,
DYSOAL,Dysoxylum alliaceum,biotic,animal_small,yes,shade-tolerant,
DYSOCY,Dysoxylum cyrtobotryum,biotic,animal_large,yes,shade-tolerant,
DYSODE,Dysoxylum densiflorum,biotic,animal_small,yes,shade-tolerant,
DYSOGR,Dysoxylum grande,biotic,animal_small,yes,shade-tolerant,
ELAEFE,Elaeocarpus ferrugineus,biotic,animal_small,yes,shade-intolerant,
ELAEMS,Elaeocarpus mastersii,biotic,animal_small,yes,shade-intolerant,
ELAENI,Elaeocarpus nitidus,biotic,animal_small,yes,shade-intolerant,
ELAEPE,Elaeocarpus petiolatus,biotic,animal_small,yes,sub-canopy,
ELAEPO,Elaeocarpus polystachyus,biotic,animal_small,yes,sub-canopy,
ELAEPU,Elaeocarpus floribundus,biotic,animal_small,yes,shade-tolerant,
ELAERU,Elaeocarpus rugosus,biotic,animal_small,yes,shade-tolerant,
ELAEST,Elaeocarpus stipularis var. stipularis,biotic,animal_small,yes,shade-tolerant,
ELLITO,Ellipanthus tomentosus,biotic,animal_small,yes,sub-canopy,
ENDIMA,Endiandra maingayi,biotic,animal_large,yes,shade-tolerant,
ENDOMA,Endospermum diadenum,biotic,animal_small,yes,shade-intolerant,
ERYTSU,Erythrophleum suaveolens,abiotic,gravity,no,sub-canopy,
EUGE%%,Syzygium indet.,NA,NA,NA,NA,
EUGE08,Syzygium sp. 8,biotic,animal_small,yes,shade-tolerant,
EUGE16,Syzygium pendens,biotic,animal_small,yes,sub-canopy,
EUGE18,Syzygium species 18,biotic,animal_small,yes,sub-canopy,
EUGEAT,Syzygium attenuatum,biotic,animal_small,yes,understorey,
EUGEBR,Syzygium brittle,biotic,animal_small,yes,sub-canopy,
EUGECE,Syzygium cerinum,biotic,animal_small,yes,sub-canopy,
EUGECG,Syzygium cf. griffithii,biotic,animal_small,yes,shade-tolerant,
EUGECL,Syzygium chloroleucum,biotic,animal_small,yes,sub-canopy,
EUGECR,Syzygium chloranthum,biotic,animal_small,yes,sub-canopy,
EUGEDE,Syzygium pycnanthum,biotic,animal_small,yes,sub-canopy,
EUGEDU,Syzygium duthianum,biotic,animal_small,yes,shade-tolerant,
EUGEFI,Syzygium filiforme,biotic,animal_small,yes,sub-canopy,
EUGEFK,Syzygium filiforme-kilat,biotic,animal_small,yes,sub-canopy,
EUGEGD,Syzygium grande,biotic,animal_small,yes,shade-tolerant,
EUGEGL,Syzygium glaucum,biotic,animal_small,yes,shade-tolerant,
EUGEJV,Syzygium javanica,biotic,animal_small,yes,understorey,
EUGEKG,Syzygium kilat-griffith,biotic,animal_small,yes,shade-tolerant,
EUGEKU,Syzygium kunstleri,biotic,animal_small,yes,sub-canopy,
EUGELO,Syzygium lineatum,biotic,animal_small,yes,sub-canopy,
EUGELQ,Syzygium linoceroides,biotic,animal_small,yes,sub-canopy,
EUGEMC,Syzygium borneense,biotic,animal_small,yes,sub-canopy,
EUGEML,Syzygium malaccensis,biotic,animal_small,yes,sub-canopy,
EUGEMM,Syzygium memecylon,biotic,animal_small,yes,sub-canopy,
EUGENG,Syzygium ngadimanianum,biotic,animal_small,yes,sub-canopy,
EUGENI,Syzygium nigricans,biotic,animal_small,yes,shade-tolerant,
EUGENM,Syzygium nemestrinum,biotic,animal_small,yes,shade-tolerant,
EUGEOF,Syzygium oblongifolium,biotic,animal_small,yes,shade-tolerant,
EUGEPF,Syzygium pseudoformosum,biotic,animal_small,yes,understorey,
EUGEPL,Syzygium palembanicum,biotic,animal_small,yes,sub-canopy,
EUGEPN,Syzygium pendens,biotic,animal_small,yes,sub-canopy,
EUGEPP,Syzygium pauper,biotic,animal_small,yes,understorey,
EUGEPS,Syzygium cinereum,biotic,animal_small,yes,shade-tolerant,
EUGEPU,Syzygium pustulatum,biotic,animal_small,yes,sub-canopy,
EUGERC,Syzygium cf. rugosum var. cordata,biotic,animal_small,yes,shade-tolerant,
EUGERI,Syzygium ridleyi,biotic,animal_small,yes,shade-tolerant,
EUGERU,Syzygium rugosum,biotic,animal_small,yes,shade-tolerant,
EUGESC,Syzygium zeylanicum,biotic,animal_small,yes,sub-canopy,
EUGESD,Syzygium subdecussatum,biotic,animal_small,yes,shade-tolerant,
EUODGL,Melicope glabra,abiotic,gravity,yes,sub-canopy,
EUODRO,Melicope lunu-akenda,abiotic,gravity,yes,understorey,
EURYLO,Eurycoma longifolia,biotic,animal_small,yes,understorey,
FAGRFR,Fagraea fragrans,biotic,animal_small,yes,shade-intolerant,
FAHRPE,Fahrenheitia pendula,biotic,animal_small,yes,understorey,
FICUBJ,Ficus benjamina,biotic,animal_small,yes,shade-intolerant,
FICUFI,Ficus fistulosa,biotic,animal_small,yes,understorey,
FICUGD,Ficus glandulifera,biotic,animal_small,yes,shade-tolerant,
FICUGR,Ficus grossularioides,biotic,animal_small,yes,shade-intolerant,
FICUKE,Ficus kerkhovenii,biotic,animal_small,yes,shade-tolerant,
FICULP,Ficus lamponga,biotic,animal_small,yes,sub-canopy,
FICUSF,Ficus scortechinii,biotic,animal_small,yes,understorey,
FICUSI,Ficus sinuata,biotic,animal_small,yes,sub-canopy,
FICUVR,Ficus variegata,biotic,animal_small,yes,shade-intolerant,
FICUVS,Ficus vasculosa,biotic,animal_small,yes,sub-canopy,
GAERDB,Gaertnera grisea,biotic,animal_small,yes,understorey,
GALEFU,Galearia fulva,biotic,animal_small,yes,understorey,
GALEMA,Galearia maingayi,biotic,animal_small,yes,shade-tolerant,
GARCAT,Garcinia atroviridis,biotic,animal_small,yes,sub-canopy,
GARCCO,Garcinia cowa,biotic,animal_small,yes,sub-canopy,
GARCEU,Garcinia eugeniaefolia,biotic,animal_small,yes,sub-canopy,
GARCFO,Garcinia forbesii,biotic,animal_large,yes,sub-canopy,
GARCGR,Garcinia griffithii,biotic,animal_small,yes,sub-canopy,
GARCHO,Garcinia hombroniana,biotic,animal_small,yes,sub-canopy,
GARCMG,Garcinia mangostana,biotic,animal_large,yes,sub-canopy,
GARCNI,Garcinia nigrolineata,biotic,animal_large,yes,understorey,
GARCPA,Garcinia parvifolia,biotic,animal_small,yes,sub-canopy,
GARCSC,Garcinia scortechinii,biotic,animal_small,yes,understorey,
GARDTU,Gardenia tubifera,biotic,animal_small,yes,sub-canopy,
GIRONE,Gironniera nervosa,biotic,animal_small,yes,shade-tolerant,
GIROPA,Gironniera parvifolia,biotic,animal_small,yes,sub-canopy,
GIROSU,Gironniera subaequalis,biotic,animal_small,yes,shade-tolerant,
GLOCHY,Glochidion hypoleucum,biotic,animal_small,yes,understorey,
GLUTMA,Gluta malayana,abiotic,gyration,yes,shade-tolerant,
GLUTWA,Gluta wallichii,abiotic,gyration,yes,shade-tolerant,
GLYCCH,Glycosmis chlorosperma,biotic,animal_small,yes,understorey,
GNETGN,Gnetum gnemon,biotic,animal_small,yes,sub-canopy,
GOM1QU,Gomphandra quadrifida,biotic,animal_small,yes,understorey,
GOM2SE,Gomphia serrata,biotic,animal_small,yes,understorey,
GOMPSE,Gomphia serrata,biotic,animal_small,yes,understorey,
GONIMA,Goniothalamus macrophyllus,biotic,animal_small,yes,understorey,
GONITA,Goniothalamus tapis,biotic,animal_small,yes,sub-canopy,
GONYMA,Gonystylus confusus,biotic,animal_large,yes,sub-canopy,
GORDPE,Gordonia penangensis,abiotic,wind,yes,understorey,
GORDSI,Gordonia singaporiana,abiotic,wind,yes,sub-canopy,
GREWBL,Microcos blattaefolia,biotic,animal_small,yes,understorey,
GUIOPU,Guioa pubescens,biotic,animal_small,yes,sub-canopy,
GYMNFA,Gymnacranthera farquhariana,biotic,animal_small,yes,shade-tolerant,
GYMNFO,Gymnacranthera forbesii,biotic,animal_small,yes,sub-canopy,
GYNOAX,Gynotroches axillaris,biotic,animal_small,yes,shade-tolerant,
HERIBO,Heritiera borneensis,abiotic,wind,yes,shade-tolerant,
HERIEL,Heritiera elata,abiotic,wind,yes,shade-tolerant,
HERISI,Heritiera simplicifolia,abiotic,wind,yes,shade-tolerant,
HEVEBR,Hevea brasiliensis,abiotic,ballistic,no,shade-tolerant,
HOMAGR,Homalium grandiflorum,abiotic,gyration,yes,shade-tolerant,
HOPEFG,Hopea ferrugineum,abiotic,gyration,yes,shade-tolerant,
HOPEGR,Hopea griffithii,abiotic,gyration,yes,shade-tolerant,
HOPEME,Hopea mengarawan,abiotic,gyration,yes,shade-tolerant,
HOPESA,Hopea sangal,abiotic,gyration,yes,shade-tolerant,
HORSCR,Horsfieldia crassifolia,biotic,animal_small,yes,shade-tolerant,
HORSMC,Endocomia canarioides,biotic,animal_large,yes,sub-canopy,
HORSPF,Horsfieldia punctatifolia,biotic,animal_large,yes,sub-canopy,
HORSPO,Horsfieldia polyspherula,biotic,animal_small,yes,sub-canopy,
HORSSB,Horsfieldia superba,biotic,animal_large,yes,sub-canopy,
HORSWA,Horsfieldia wallichii,biotic,animal_large,yes,shade-tolerant,
ILEXCY,Ilex cymosa,biotic,animal_small,yes,sub-canopy,
ILEXMA,Ilex macrophylla,biotic,animal_small,yes,understorey,
INTSPA,Intsia palembanica,biotic,water/gravity,yes,shade-tolerant,
IRVIMA,Irvingia malayana,biotic,animal_large,yes,shade-tolerant,
IXONIC,Ixonanthes icosandra,abiotic,wind,yes,shade-tolerant,
IXONRE,Ixonanthes reticulata,abiotic,wind,yes,shade-intolerant,
IXORJV,Ixora javanica,biotic,animal_small,yes,understorey,
IXORPE,Ixora pendula,biotic,animal_small,yes,understorey,
KIBACO,Kibara coriacea,biotic,animal_small,yes,understorey,
KIBAMA,Kibatalia maingayi,abiotic,wind,yes,shade-tolerant,
KNEMCI,Knema cinerea,biotic,animal_small,yes,sub-canopy,
KNEMCO,Knema conferta,biotic,animal_large,yes,shade-tolerant,
KNEMHO,Knema hookeriana,biotic,animal_large,yes,shade-tolerant,
KNEMLA,Knema laurina,biotic,animal_small,yes,sub-canopy,
KNEMLT,Knema latericia,biotic,animal_small,yes,sub-canopy,
KNEMPA,Knema patentinervia,biotic,animal_small,yes,understorey,
KOILLO,Koilodepas longifolium,biotic,animal_small,yes,understorey,
KOKORE,Kokoona reflexa,abiotic,wind,yes,shade-tolerant,
KOOMMA,Koompassia malaccensis,abiotic,wind,yes,shade-tolerant,
LASIAT,Lasianthus ellipticus,biotic,animal_small,yes,understorey,
LASIEL,Lasianthus ellipticus,biotic,animal_small,yes,understorey,
LEPIFR,Lepisanthes fruticosa,biotic,animal_small,yes,understorey,
LICASL,Licania splendens,biotic,animal_small,yes,understorey,
LINDLU,Lindera lucida,biotic,animal_small,yes,sub-canopy,
LITHCA,Lithocarpus cantleyanus,biotic,animal_small,yes,sub-canopy,
LITHCO,Lithocarpus conocarpus,biotic,animal_small,yes,understorey,
LITHEL,Lithocarpus elegans,biotic,animal_large,yes,shade-tolerant,
LITHEN,Lithocarpus encleisacarpus,biotic,animal_large,yes,shade-tolerant,
LITHEW,Lithocarpus ewyckii,biotic,animal_large,yes,sub-canopy,
LITHGR,Lithocarpus gracilis,biotic,animal_large,yes,sub-canopy,
LITHLU,Lithocarpus lucidus,biotic,animal_large,yes,shade-tolerant,
LITHSD,Lithocarpus sundaicus,biotic,animal_small,yes,shade-tolerant,
LITHWA,Lithocarpus wallichianus,biotic,animal_small,yes,shade-tolerant,
LITSAC,Litsea accedens,biotic,animal_small,yes,shade-tolerant,
LITSCA,Litsea castanea,biotic,animal_small,yes,shade-tolerant,
LITSCS,Litsea costalis,biotic,animal_small,yes,shade-tolerant,
LITSEL,Litsea elliptica,biotic,animal_small,yes,shade-tolerant,
LITSER,Litsea erectinervia,biotic,animal_small,yes,shade-tolerant,
LITSFI,Litsea firma,biotic,animal_small,yes,shade-tolerant,Now Litsea umbellata
LITSGR,Litsea grandis,biotic,animal_small,yes,shade-tolerant,
LITSMC,Litsea machilifolia,biotic,animal_small,yes,shade-tolerant,
LITSRI,Litsea ridleyi,biotic,animal_small,yes,sub-canopy,
LOPHBE,Lophopetalum beccarianum,abiotic,wind,yes,shade-tolerant,
LOPHPL,Lophopetalum pallidum,abiotic,wind,yes,shade-tolerant,
LOPHWI,Lophopetalum wightianum,abiotic,wind,yes,shade-tolerant,
MACA%%,Macaranga indet.,NA,NA,NA,NA,
MACABA,Macaranga bancana,biotic,animal_small,yes,shade-intolerant,
MACACO,Macaranga conifera,biotic,animal_small,yes,shade-intolerant,
MACAGF,Macaranga griffithiana,biotic,animal_small,yes,shade-intolerant,
MACAGI,Macaranga gigantea,biotic,animal_small,yes,shade-intolerant,
MACAHY,Macaranga hypoleuca,biotic,animal_small,yes,shade-intolerant,
MACALO,Macaranga lowii,biotic,animal_small,yes,sub-canopy,
MACARE,Macaranga recurvata,biotic,animal_small,yes,sub-canopy,
MADHKO,Madhuca korthalsii,biotic,animal_small,yes,shade-tolerant,
MADHMA,Madhuca malaccensis,biotic,animal_small,yes,sub-canopy,
MADHSR,Palaquium impressinervium,biotic,animal_small,yes,shade-tolerant,
MAESRA,Maesa ramentacea,biotic,animal_small,yes,understorey,
MAGNEL,Magnolia elegans,biotic,animal_small,yes,shade-tolerant,
MALLPE,Mallotus penangensis,biotic,animal_small,yes,sub-canopy,
MANGFO,Mangifera foetida,biotic,animal_large,yes,shade-tolerant,
MANGGC,Mangifera gracilipes,biotic,animal_large,yes,shade-tolerant,
MANGGF,Mangifera griffithii,biotic,animal_large,yes,shade-tolerant,
MANGIN,Mangifera indica,biotic,animal_large,yes,shade-tolerant,
MANGOD,Mangifera odorata,biotic,animal_large,yes,sub-canopy,
MANGSF,Mangifera subsessilifolia,biotic,animal_large,yes,shade-tolerant,
MARACO,Maranthes corymbosa,biotic,animal_large,yes,sub-canopy,
MASTSC,Mastixia scortechinii,biotic,animal_large,yes,shade-tolerant,
MASTTR,Mastixia trichotoma,biotic,animal_small,yes,shade-tolerant,
MATHSA,Matthaea sancta,biotic,animal_small,yes,understorey,
MEIOVI,Meiogyne virgata,biotic,animal_large,yes,sub-canopy,
MELAAU,Melanochyla auriculata,biotic,animal_large,yes,understorey,
MELABR,Melanochyla bracteata,biotic,animal_large,yes,shade-tolerant,
MELACA,Melanochyla caesia,biotic,animal_large,yes,shade-tolerant,
MEMEAM,Memecylon amplexicaule,biotic,animal_small,yes,understorey,
MEMECA,Memecylon campanulatum,biotic,animal_small,yes,understorey,
MEMEDI,Memecylon dichotomum,biotic,animal_small,yes,sub-canopy,
MEMEMG,Memecylon megacarpum,biotic,animal_small,yes,understorey,
MEMEMI,Memecylon minutiflorum,biotic,animal_small,yes,sub-canopy,
MEMEOL,Memecylon oligoneuron,biotic,animal_small,yes,understorey,
MEMEPU,Memecylon pubescens,biotic,animal_small,yes,sub-canopy,
MEZZLE,Mezzettia parviflora,biotic,animal_large,yes,shade-tolerant,
MICHEL,Michelia cf. champaca,biotic,animal_small,yes,shade-tolerant,
MICRCA,Microdesmis caseariifolia,biotic,animal_small,yes,understorey,
MILLAT,Millettia atropurpurea,abiotic,gravity,yes,shade-tolerant,
MONOMA,Monocarpia marginalis,biotic,animal_large,yes,shade-tolerant,
MYRICI,Myristica cinnamomea,biotic,animal_large,yes,sub-canopy,
MYRIEL,Myristica elliptica,biotic,animal_large,yes,sub-canopy,
MYRIES,Myrica esculenta,biotic,animal_small,yes,shade-intolerant,
MYRIMA,Myristica maingayi,biotic,animal_large,yes,shade-tolerant,
MYRIMX,Myristica maxima,biotic,animal_large,yes,shade-tolerant,
NAUCOF,Nauclea officinalis,biotic,animal_small,yes,shade-tolerant,
NEESMA,Neesia malayana,biotic,animal_large,yes,shade-tolerant,
NEESSY,Neesia synandra,biotic,animal_large,yes,shade-tolerant,
NEOLZE,Neolitsea zeylanica,biotic,animal_small,yes,understorey,
NEOSFO,Neoscortechinia forbesii,biotic,animal_small,yes,shade-tolerant,
NEOSKI,Neoscortechinia kingii,biotic,animal_small,yes,sub-canopy,
NEPH%%,Nephelium indet.,NA,NA,NA,NA,
NEPHCO,Nephelium costatum,biotic,animal_small,yes,sub-canopy,
NEPHCU,Nephelium cuspidatum,biotic,animal_large,yes,shade-tolerant,
NEPHLA,Nephelium lappaceum,biotic,animal_small,yes,shade-tolerant,
NEPHLR,Nephelium laurinum,biotic,animal_small,yes,sub-canopy,
NEPHRA,Nephelium ramboutan-ake,biotic,animal_large,yes,sub-canopy,
NORRMI,Norrisia maior,abiotic,wind,yes,shade-tolerant,
NOTHUM,Nothaphoebe umbelliflora,biotic,animal_small,yes,shade-tolerant,
OCHAAM,Ochanostachys amentacea,biotic,animal_small,yes,shade-tolerant,
ONC1MO,Meiogyne monosperma,biotic,animal_small,yes,sub-canopy,
ONC2HO,Oncosperma horridum,biotic,animal_small,yes,sub-canopy,
ORMOBA,Ormosia bancana,biotic,animal_small,yes,shade-tolerant,
OROPCG,Orophea creaghii,biotic,animal_small,yes,understorey,
OSMEPH,Osmelia philippina,biotic,animal_small,yes,understorey,
PALAGU,Palaquium gutta,biotic,animal_small,yes,shade-tolerant,
PALAHX,Palaquium hexandrum,biotic,animal_small,yes,shade-tolerant,
PALAKI,Madhuca kingiana,biotic,animal_small,yes,shade-tolerant,
PALAMI,Palaquium microphyllum,biotic,animal_small,yes,shade-tolerant,
PALAOB,Palaquium obovatum,biotic,animal_small,yes,shade-tolerant,
PALAOX,Palaquium oxyleyanum,biotic,animal_small,yes,sub-canopy,
PALARO,Palaquium rostratum,biotic,animal_small,yes,shade-tolerant,
PANDDP,Pandanus sp.,NA,NA,NA,NA,
PAR1IG,Parishia insignis glabrous,abiotic,gyration,yes,shade-tolerant,
PAR1IN,Parishia insignis,abiotic,gyration,yes,shade-tolerant,
PAR1MA,Parishia maingayi,abiotic,gyration,yes,shade-tolerant,
PAR1PA,Parishia paucijuga,abiotic,gyration,yes,shade-tolerant,
PAR2AS,Parinari argenta-sericea,biotic,animal_large,yes,shade-tolerant,
PAR2EL,Parinari elmeri,biotic,animal_large,yes,shade-tolerant,
PAR2OB,Parinari oblongifolia,biotic,animal_large,yes,shade-tolerant,
PARABR,Parartocarpus bracteatus,biotic,animal_small,yes,shade-tolerant,
PARKSP,Parkia speciosa,biotic,animal_small,yes,shade-tolerant,
PASTUR,Parastemon urophyllus,biotic,animal_small,yes,shade-tolerant,
PAYELU,Payena lucida,biotic,animal_small,yes,shade-tolerant,
PAYEMA,Payena maingayi,biotic,animal_small,yes,shade-tolerant,
PAYEOB,Payena obscura,biotic,animal_small,yes,shade-tolerant,
PELLSA,Pellacalyx saccardianus,biotic,animal_small,yes,sub-canopy,
PENTLA,Pentace triptera,abiotic,wind,yes,shade-tolerant,
PERTEU,Pertusadina eurhyncha,biotic,animal_small,yes,shade-tolerant,
PHAEOP,Phaeanthus ophthalmicus,biotic,animal_small,yes,understorey,
PHOEGR,Phoebe grandis,biotic,animal_small,yes,sub-canopy,
PIMEGR,Pimelodendron griffithianum,biotic,animal_small,yes,sub-canopy,
PINANG,Pinanga sp.,NA,NA,NA,NA,
PITHEL,Archidendron ellipticum,biotic,animal_small,yes,sub-canopy,
PITHSL,Albizia splendens,biotic,animal_small,yes,shade-tolerant,
PLANMA,Pouteria maingayi,biotic,animal_small,yes,shade-tolerant,
PLATLA,Platea latifolia,biotic,animal_large,yes,shade-tolerant,
POL2KI,Polyosma kingiana,biotic,animal_small,yes,sub-canopy,
POLY%%,Polyalthia indet.,NA,NA,NA,NA,
POLYAN,Polyalthia angustissima,biotic,animal_small,yes,sub-canopy,
POLYCA,Polyalthia cauliflora,biotic,animal_small,yes,understorey,
POLYGL,Polyalthia glauca,biotic,animal_small,yes,shade-tolerant,
POLYHY,Polyalthia hypoleuca,biotic,animal_small,yes,shade-tolerant,
POLYMA,Polyalthia macropoda,biotic,animal_large,yes,understorey,
POLYRU,Polyalthia rumphii,biotic,animal_small,yes,sub-canopy,
POMEPI,Pometia pinnata,biotic,animal_small,yes,shade-tolerant,
POPOPI,Popowia pisocarpa,biotic,animal_small,yes,understorey,
POPOTO,Popowia tomentosa,biotic,animal_small,yes,sub-canopy,
PORTAN,Porterandia anisophylla,biotic,animal_small,yes,understorey,
POUTMA,Pouteria malaccensis,biotic,animal_small,yes,shade-tolerant,
PRISGL,Prismatomeris glabra,biotic,animal-small,yes,understorey,
PRUNAR,Prunus arborea,biotic,animal_small,yes,shade-tolerant,
PRUNPO,Prunus polystachya,biotic,animal_small,yes,shade-tolerant,
PSYCS1,Psychotria species 1,biotic,animal_small,yes,understorey,
PTE1CO,Pternandra coerulescens,biotic,animal_small,yes,shade-intolerant,
PTE1EC,Pternandra echinata,biotic,animal_small,yes,shade-intolerant,
PTE2TU,Pterocymbium tubulatum,abiotic,gyration,yes,shade-tolerant,
PTE3JA,Pterospermum javanicum,abiotic,wind,yes,shade-tolerant,
PTE3SM,Pterospermum small-leaves,abiotic,wind,yes,shade-tolerant,
PTE4IN,Pterocarpus indicus,abiotic,wind/water,yes,shade-intolerant,
PTYCCA,Ptychopyxis caput-medusae,biotic,animal_large,yes,shade-tolerant,
QUERAR,Quercus argentata,biotic,animal_large,yes,shade-tolerant,
RADEPI,Radermachera pinnata,abiotic,wind,yes,sub-canopy,
RHODCI,Rhodamnia cinera,biotic,animal_small,yes,shade-intolerant,
ROTHMA,Rothmannia macrophylla,biotic,animal-small,yes,understorey,
SABIGI,Meliosma lanceolata var. lanceolata,NA,NA,NA,NA,
SANDBE,Sandoricum beccarianum,biotic,animal_small,yes,shade-tolerant,
SANDKO,Sandoricum koetjape,biotic,animal_small,yes,shade-tolerant,
SANT%%,Santiria indet.,NA,NA,NA,NA,
SANTAP,Santiria apiculata,biotic,animal_small,yes,sub-canopy,
SANTGR,Santiria griffithii,biotic,animal_small,yes,shade-tolerant,
SANTLA,Santiria laevigata,biotic,animal_small,yes,shade-tolerant,
SANTOB,Santiria oblongifolia,biotic,animal_small,yes,shade-tolerant,
SANTRU,Santiria rubiginosa,biotic,animal_small,yes,shade-tolerant,
SANTTO,Santiria tomentosa,biotic,animal_small,yes,shade-tolerant,
SAPIDI,Triadica cochinchinensis,biotic,animal_small,yes,sub-canopy,
SAPRGL,Saprosma glomerulatum,biotic,animal-small,yes,understorey,
SARCGR,Sarcotheca griffithii,biotic,animal_small,yes,shade-tolerant,
SCAPMA,Scaphium macropodum,abiotic,gyration,yes,shade-tolerant,
SCLEWA,Scleropyrum wallichianum,biotic,animal_large,yes,sub-canopy,
SCORBO,Scorodocarpus borneensis,biotic,animal_large,yes,shade-tolerant,
SHORCU,Shorea curtisii,abiotic,gyration,yes,shade-tolerant,
SHORGI,Shorea gibbosa,abiotic,gyration,yes,shade-tolerant,
SHORGR,Shorea gratissima,abiotic,gyration,yes,shade-tolerant,
SHORHB,Shorea hybrid curtisii x leprosula,abiotic,gyration,yes,shade-tolerant,
SHORHL,Shorea hybrid curtisii x parvifolia,abiotic,gyration,yes,shade-tolerant,
SHORHP,Shorea hybrid leprosula x parvifolia,abiotic,gyration,yes,shade-tolerant,
SHORLE,Shorea leprosula,abiotic,gyration,yes,shade-tolerant,
SHORMA,Shorea macroptera,abiotic,gyration,yes,shade-tolerant,
SHOROC,Shorea ochrophloia,abiotic,gyration,yes,shade-tolerant,
SHOROV,Shorea ovalis,abiotic,gyration,yes,shade-tolerant,
SHORPC,Shorea pauciflora,abiotic,gyration,yes,shade-tolerant,
SHORPV,Shorea parvifolia,abiotic,gyration,yes,shade-tolerant,
SINDCO,Sindora coriacea,biotic,animal_small,yes,shade-tolerant,
SINDEC,Sindora echinocalyx,biotic,animal_small,yes,shade-tolerant,
SINDVE,Sindora velutina,biotic,animal_small,yes,shade-tolerant,
SINDWA,Sindora wallichii,biotic,animal_small,yes,shade-tolerant,
SPATCA,Spathodea campanulata,abiotic,wind,no,shade-intolerant,
STE2FB,Stereospermum fimbriatum,abiotic,wind,yes,shade-tolerant,
STEMMA,Stemonurus malaccensis,biotic,animal_large,yes,sub-canopy,
STERCO,Sterculia coccinea,biotic,animal_small,yes,sub-canopy,
STERPL,Sterculia parviflora,biotic,animal_large,yes,shade-tolerant,
STERRU,Sterculia rubiginosa,biotic,animal_small,yes,sub-canopy,
STREEL,Streblus elongatus,biotic,animal_small,yes,shade-tolerant,
STROCE,Strombosia ceylanica,biotic,animal_small,yes,shade-tolerant,
STROJA,Strombosia javanica,biotic,animal_small,yes,sub-canopy,
SWINSC,Swintonia schwenkii,abiotic,gyration,yes,shade-tolerant,
SYMPCO,Symplocos cochinchinensis,biotic,animal_small,yes,sub-canopy,
SYMPFA,Symplocos fasciculata,biotic,animal_small,yes,sub-canopy,
SYZYSI,Syzygium singaporense,biotic,animal_small,yes,shade-tolerant,
TAMAIN,Tamarindus indica,biotic,animal_small,no,shade-tolerant,
TARECO,Tarenna costata,biotic,animal-small,yes,understorey,
TEIJCO,Teijsmanniodendron coriaceum,biotic,animal_small,yes,sub-canopy,
TERMCA,Terminalia catappa,abiotic,water/gravity,yes,shade-intolerant,
TERMCI,Terminalia citrina,biotic,animal_small,yes,sub-canopy,
TERMSU,Terminalia subspathulata,abiotic,wind,yes,shade-tolerant,
TIMOWA,Timonius wallichianus,biotic,animal_small,yes,shade-intolerant,
TRI2MA,Trigonopleura malayana,biotic,animal_small,yes,shade-tolerant,
TRI3LO,Trigonostemon longifolius,biotic,animal_small,yes,understorey,
TRI4HY,Trigoniastrum hypoleuca,abiotic,wind,yes,shade-tolerant,
TRIGAC,Trigonachras acuta,biotic,animal_small,yes,shade-tolerant,
TRIOMA,Triomma malaccensis,abiotic,wind,yes,shade-tolerant,
TRISME,Tristaniopsis merguensis,abiotic,wind,yes,sub-canopy,
UROPBL,Urophyllum blumeanum,biotic,animal-small,yes,understorey,
UROPGL,Urophyllum glabrum,biotic,animal-small,yes,understorey,
UROPHI,Urophyllum hirsutum,biotic,animal-small,yes,understorey,
VATIMA,Vatica maingayi,abiotic,gyration,yes,shade-tolerant,
VATIOD,Vatica odorata,abiotic,gyration,yes,shade-tolerant,
VATIRI,Vatica ridleyana,abiotic,gravity,yes,shade-tolerant,
VITEPI,Vitex pinnata,biotic,animal_small,yes,shade-intolerant,
VITEQU,Vitex quinata,biotic,animal_small,yes,sub-canopy,
WALSCG,Walsura chrysogyne,biotic,animal_small,yes,sub-canopy,
WRIGLA,Wrightia laevis,abiotic,wind,yes,shade-tolerant,
XANTAM,Xanthophyllum amoenum,biotic,animal_large,yes,shade-tolerant,
XANTDC,Xanthophyllum discolor,biotic,animal-small,yes,understorey,
XANTEL,Xanthophyllum ellipticum,biotic,animal_small,yes,shade-tolerant,
XANTEU,Xanthophyllum eurhynchum,biotic,animal_small,yes,shade-tolerant,
XANTGR,Xanthophyllum griffithii,biotic,animal_small,yes,shade-tolerant,
XANTST,Xanthophyllum stipitatum,biotic,animal_small,yes,shade-tolerant,
XERONO,Xerospermum noronhianum,biotic,animal_small,yes,sub-canopy,
XYLOCA,Xylopia caudata,biotic,animal_small,yes,sub-canopy,
XYLOFE,Xylopia ferruginea,biotic,animal_small,yes,shade-tolerant,
XYLOFU,Xylopia fusca,biotic,animal_small,yes,shade-tolerant,
XYLOMA,Xylopia malayana,biotic,animal_small,yes,sub-canopy,
XYLOMG,Xylopia magna,biotic,animal_small,yes,sub-canopy,